Workbook
Name BarWeight: Settings!$B$2
Name SquatStart: Settings!$B$5
Name BenchStart: Settings!$B$6
Name DeadliftStart: Settings!$B$7
Name PressStart: Settings!$B$8
Name CleanStart: Settings!$B$9
Name SquatInc: Settings!$B$12
Name BenchInc: Settings!$B$13
Name DeadliftInc: Settings!$B$14
Name PressInc: Settings!$B$15
Name CleanInc: Settings!$B$16
Name TotalSessions: Settings!$B$32
Name CurrentWeek: Settings!$B$33
Name ChinUpsIntroWeek: Settings!$B$36
Name LightSquatPct: Settings!$B$37
Name LightSquatInc: Settings!$B$38
Name StallThreshold: Settings!$B$21
Name DeloadPct: Settings!$B$22

Sheet README
A2: 🏋️ BARBELL STRENGTH TRACKER 🏋️
A3: Novice Linear Progression Program by Mark Rippetoe
A4: Version 2.5 | Auto-Detection, Progress Tracking & Smart Exercise Introduction
B6: ⚡ QUICK START
B7: 1️⃣ Go to Settings → Enter your starting weights
B8: 2️⃣ Go to Workout Log → Select Date, Workout (A/B), Exercise
B9: 3️⃣ Enter Actual Weight lifted and Reps for each set
B10: 4️⃣ Check Status column → "OK" = success, "STALL" = missed reps
B11: 5️⃣ Review Progress Chart → Watch your gains grow!
B13: 📋 THE PROGRAM
B14: WORKOUT A | C14: Squat 3×5 | Bench Press 3×5 | Deadlift 1×5
B15: WORKOUT B | C15: Squat 3×5 | Overhead Press 3×5 | Deadlift 1×5
B16: 📅 SCHEDULE | C16: 3 days/week: Mon-Wed-Fri alternating A-B-A, B-A-B
B18: 📑 SHEETS GUIDE
B19: ⚙️ Settings | C19: Configure starting weights, increments, bar weight
B20: 💪 Assistance Exercises | C20: Add/remove optional exercises (don't affect progression)
B21: 📝 Workout Log | C21: Main tracking - auto-calculates targets & detects stalls
B22: 🔥 Warm-Up Calculator | C22: Enter working weight, see warm-up progression
B23: ⚖️ Body Weight Log | C23: Optional weekly weigh-ins with statistics
B24: 📊 Progress Summary | C24: Auto-updating weekly best lifts table
B25: 📈 Progress Chart | C25: Visual chart of your strength progression
B26: 🎯 Program Phase | C26: Auto-detects stalls & transition timing
B28: 💡 PRO TIPS
B29: ✓ Target Weight auto-fills based on your last successful lift + increment
B30: ✓ Just enter Actual Weight and Reps - everything else calculates automatically
B31: ✓ STALL means you missed target reps - try same weight next session
B32: ✓ After 3 stalls on an exercise, consider moving to Intermediate program
B33: ✓ Deload 10% after stalls, work back up before changing programs
B35: ⚠️ WHEN TO TRANSITION TO INTERMEDIATE
B36: → Program Phase sheet shows "⚠️ TRANSITION NEEDED" for an exercise
B37: → You've accumulated 3+ stalls at the same weight
B38: → Deloading and working back up no longer helps
B39: → Recovery between sessions feels insufficient
B41: 🎯 EXERCISE INTRODUCTION TIMING
... B52: ⚠️ DISCLAIMER: This is an unofficial community tool, not affiliated with or endorsed by Starting Strength, Inc. or Aasgaard Company.

Sheet Settings
A1: Setting | B1: Value | C1: Unit | D1: Notes
A2: Bar Weight | B2: 45 | C2: lbs | D2: Standard Olympic barbell
A4: STARTING WEIGHTS | D4: Enter your tested 5RM or conservative starting weight
A5: Squat Starting Weight | B5: 135 | C5: lbs
A6: Bench Press Starting Weight | B6: 95 | C6: lbs
A7: Deadlift Starting Weight | B7: 155 | C7: lbs
A8: Overhead Press Starting Weight | B8: 65 | C8: lbs
A9: Power Clean Starting Weight | B9: 95 | C9: lbs | D9: (Optional - can add later)
A11: WEIGHT INCREMENTS | D11: Amount to add each successful session (min 5 lbs with 2.5 lb plates)
A12: Squat Increment | B12: 5 | C12: lbs | D12: Can use 10 lbs early on
A13: Bench Press Increment | B13: 5 | C13: lbs | D13: Minimum with 2.5 lb plates per side
A14: Deadlift Increment | B14: 10 | C14: lbs | D14: Can use 5 lbs when progress slows
A15: Overhead Press Increment | B15: 5 | C15: lbs | D15: Slowest progressing lift - stay patient
A16: Power Clean Increment | B16: 5 | C16: lbs
A18: AVAILABLE PLATES | D18: 2.5, 5, 10, 25, 45 lbs
A20: PROGRAM SETTINGS
A21: Stall Threshold | B21: 3 | C21: sessions | D21: Consecutive stalls before suggesting program change
A22: Deload Percentage | B22: 10 | C22: % | D22: Amount to reduce weight after stall
A24: TARGET REPS | D24: Expected reps per set for each exercise
A25: Squat Target Reps | B25: 5 | C25: reps | D25: 3 sets of 5
A26: Bench Press Target Reps | B26: 5 | C26: reps | D26: 3 sets of 5
A27: Deadlift Target Reps | B27: 5 | C27: reps | D27: 1 set of 5
A28: Overhead Press Target Reps | B28: 5 | C28: reps | D28: 3 sets of 5
A29: Power Clean Target Reps | B29: 3 | C29: reps | D29: 5 sets of 3
A31: SESSION TRACKING
A32: Total Sessions | B32: =SUMPRODUCT(--(FREQUENCY(IF('Workout Log'!A10:A209<>"",'Workout Log'!A10:A209),IF('Workout Log'!A10:A209<>"",'Workout Log'!A10:A209))>0)) | D32: Auto-calculated from Workout Log (unique dates)
A33: Current Week | B33: =MAX(1,CEILING(B32/3,1)) | D33: CEILING(TotalSessions/3, 1) - assumes 3 sessions/week
A35: EXERCISE INTRODUCTION | D35: When exercises become available
A36: Chin Ups Introduction Week | B36: 2 | C36: weeks | D36: Chin Ups appear in dropdown after this many weeks
A37: Light Squat Percentage | B37: 80 | C37: % | D37: Light Squat weight = this % of Squat working weight
A38: Light Squat Increment | B38: 5 | C38: lbs | D38: Weight increase per session for Light Squat

Sheet Assistance Exercises
A1: ASSISTANCE EXERCISES | E1: EXERCISE LIST
A2: Add or remove exercises below. These appear in the Workout Log dropdown but do NOT affect progression tracking. | E2: Squat
E3: Bench Press
A4: Exercise Name | B4: Suggested Scheme | C4: Notes | E4: Deadlift
A5: Barbell Curls | B5: 3x10 | C5: Bicep isolation | E5: Overhead Press
A6: Back Extension | B6: 3x10-15 | C6: Lower back and glutes | E6: Power Clean
A7: Skull Crushers | B7: 3x10 | C7: Tricep isolation - use EZ bar | E7: =IF(MAX('Program Phase'!B9:B13)>=Settings!$B$21,"Light Squat","")
A8: Tricep Pushdown | B8: 3x10-12 | C8: Cable machine | E8: =IF(Settings!$B$33>=Settings!$B$36,"Chin Ups","")
A9: Dips | B9: 3x8-10 | C9: Can add weight when bodyweight becomes easy | E9: =IF(A5="","",A5)
E10: =IF(A6="","",A6)
E11: =IF(A7="","",A7)
E12: =IF(A8="","",A8)
E13: =IF(A9="","",A9)
E14: =IF(A10="","",A10)
E15: =IF(A11="","",A11)
E16: =IF(A12="","",A12)
E17: =IF(A13="","",A13)
E18: =IF(A14="","",A14)
A20: 💡 Tip: Add exercises in column A. They will automatically appear in the Workout Log dropdown.
A21: Assistance exercises show "—" for Target Weight and Status (no auto-progression).

Sheet Workout Log
A1: SETS GUIDE:
A2: Squat: 3 sets x 5 reps (3x5)
A3: Bench Press: 3 sets x 5 reps (3x5)
A4: Deadlift: 1 set x 5 reps (1x5)
A5: Overhead Press: 3 sets x 5 reps (3x5)
A6: Power Clean: 5 sets x 3 reps (5x3)
A7: ASSISTANCE: 3x10 (configure in "Assistance Exercises" sheet — does NOT affect progression)
A8: Date | B8: Type | C8: Exercise | D8: Scheme | E8: Target Weight | F8: Actual Weight | G8: Set 1 | H8: Set 2 | I8: Set 3 | J8: Set 4 | K8: Set 5 | L8: Total Reps | M8: Target Reps | N8: Status | O8: Notes | P8: SquatWt | Q8: BenchWt | R8: DeadliftWt | S8: OHPWt | T8: CleanWt
B9: A/B | C9: Select ↓ | D9: Auto | E9: Auto | F9: Enter | G9: Reps | H9: Reps | I9: Reps | J9: - | K9: - | L9: Auto | M9: Auto | N9: Auto | P9: Helper | Q9: Helper | R9: Helper | S9: Helper | T9: Helper
D10: =IF(C10="","",IF(OR(C10="Squat",C10="Bench Press",C10="Overhead Press",C10="Light Squat"),"3x5",IF(C10="Deadlift","1x5",IF(C10="Power Clean","5x3","3x10")))) | E10: =IF(C10="","",IF(NOT(OR(C10="Squat",C10="Bench Press",C10="Deadlift",C10="Overhead Press",C10="Power Clean",C10="Light Squat")),"—",IF(C10="Light Squat",0,IF(C10="Squat",Settings!$B$5,IF(C10="Bench Press",Settings!$B$6,IF(C10="Deadlift",Settings!$B$7,IF(C10="Overhead Press",Settings!$B$8,IF(C10="Power Clean",Settings!$B$9,0)))))))) | L10: =IF(C10="","",SUM(G10:K10)) | M10: =IF(C10="","",IF(NOT(OR(C10="Squat",C10="Bench Press",C10="Deadlift",C10="Overhead Press",C10="Power Clean",C10="Light Squat")),30,IF(OR(C10="Squat",C10="Bench Press",C10="Overhead Press",C10="Light Squat"),15,IF(C10="Deadlift",5,IF(C10="Power Clean",15,0))))) | N10: =IF(C10="","",IF(NOT(OR(C10="Squat",C10="Bench Press",C10="Deadlift",C10="Overhead Press",C10="Power Clean",C10="Light Squat")),"—",IF(L10>=M10,"OK","STALL"))) | P10: =IF($C10="Squat",$F10,0) | Q10: =IF($C10="Bench Press",$F10,0) | R10: =IF($C10="Deadlift",$F10,0) | S10: =IF($C10="Overhead Press",$F10,0) | T10: =IF($C10="Power Clean",$F10,0)
D11: =IF(C11="","",IF(OR(C11="Squat",C11="Bench Press",C11="Overhead Press",C11="Light Squat"),"3x5",IF(C11="Deadlift","1x5",IF(C11="Power Clean","5x3","3x10")))) | E11: =IF(C11="","",IF(NOT(OR(C11="Squat",C11="Bench Press",C11="Deadlift",C11="Overhead Press",C11="Power Clean",C11="Light Squat")),"—",IF(C11="Light Squat",IF(COUNTIF(C$10:C10,"Light Squat")=0,ROUND(SUMPRODUCT(MAX((C$10:C10="Squat")*(N$10:N10="OK")*(F$10:F10)))*Settings!$B$37/100/5,0)*5,IF(SUMPRODUCT((C$10:C10="Light Squat")*(N$10:N10="OK")*1)=0,ROUND(SUMPRODUCT(MAX((C$10:C10="Squat")*(N$10:N10="OK")*(F$10:F10)))*Settings!$B$37/100/5,0)*5,SUMPRODUCT(MAX((C$10:C10="Light Squat")*(N$10:N10="OK")*(F$10:F10)))+Settings!$B$38)),IF(SUMPRODUCT((C$10:C10=C11)*(N$10:N10="OK")*1)=0,IF(C11="Squat",Settings!$B$5,IF(C11="Bench Press",Settings!$B$6,IF(C11="Deadlift",Settings!$B$7,IF(C11="Overhead Press",Settings!$B$8,IF(C11="Power Clean",Settings!$B$9,0))))),SUMPRODUCT(MAX((C$10:C10=C11)*(N$10:N10="OK")*(F$10:F10)))+IF(C11="Squat",Settings!$B$12,IF(C11="Bench Press",Settings!$B$13,IF(C11="Deadlift",Settings!$B$14,IF(C11="Overhead Press",Settings!$B$15,IF(C11="Power Clean",Settings!$B$16,0))))))))) | L11: =IF(C11="","",SUM(G11:K11)) | M11: =IF(C11="","",IF(NOT(OR(C11="Squat",C11="Bench Press",C11="Deadlift",C11="Overhead Press",C11="Power Clean",C11="Light Squat")),30,IF(OR(C11="Squat",C11="Bench Press",C11="Overhead Press",C11="Light Squat"),15,IF(C11="Deadlift",5,IF(C11="Power Clean",15,0))))) | N11: =IF(C11="","",IF(NOT(OR(C11="Squat",C11="Bench Press",C11="Deadlift",C11="Overhead Press",C11="Power Clean",C11="Light Squat")),"—",IF(L11>=M11,"OK","STALL"))) | P11: =IF($C11="Squat",$F11,0) | Q11: =IF($C11="Bench Press",$F11,0) | R11: =IF($C11="Deadlift",$F11,0) | S11: =IF($C11="Overhead Press",$F11,0) | T11: =IF($C11="Power Clean",$F11,0)
D12: =IF(C12="","",IF(OR(C12="Squat",C12="Bench Press",C12="Overhead Press",C12="Light Squat"),"3x5",IF(C12="Deadlift","1x5",IF(C12="Power Clean","5x3","3x10")))) | E12: =IF(C12="","",IF(NOT(OR(C12="Squat",C12="Bench Press",C12="Deadlift",C12="Overhead Press",C12="Power Clean",C12="Light Squat")),"—",IF(C12="Light Squat",IF(COUNTIF(C$10:C11,"Light Squat")=0,ROUND(SUMPRODUCT(MAX((C$10:C11="Squat")*(N$10:N11="OK")*(F$10:F11)))*Settings!$B$37/100/5,0)*5,IF(SUMPRODUCT((C$10:C11="Light Squat")*(N$10:N11="OK")*1)=0,ROUND(SUMPRODUCT(MAX((C$10:C11="Squat")*(N$10:N11="OK")*(F$10:F11)))*Settings!$B$37/100/5,0)*5,SUMPRODUCT(MAX((C$10:C11="Light Squat")*(N$10:N11="OK")*(F$10:F11)))+Settings!$B$38)),IF(SUMPRODUCT((C$10:C11=C12)*(N$10:N11="OK")*1)=0,IF(C12="Squat",Settings!$B$5,IF(C12="Bench Press",Settings!$B$6,IF(C12="Deadlift",Settings!$B$7,IF(C12="Overhead Press",Settings!$B$8,IF(C12="Power Clean",Settings!$B$9,0))))),SUMPRODUCT(MAX((C$10:C11=C12)*(N$10:N11="OK")*(F$10:F11)))+IF(C12="Squat",Settings!$B$12,IF(C12="Bench Press",Settings!$B$13,IF(C12="Deadlift",Settings!$B$14,IF(C12="Overhead Press",Settings!$B$15,IF(C12="Power Clean",Settings!$B$16,0))))))))) | L12: =IF(C12="","",SUM(G12:K12)) | M12: =IF(C12="","",IF(NOT(OR(C12="Squat",C12="Bench Press",C12="Deadlift",C12="Overhead Press",C12="Power Clean",C12="Light Squat")),30,IF(OR(C12="Squat",C12="Bench Press",C12="Overhead Press",C12="Light Squat"),15,IF(C12="Deadlift",5,IF(C12="Power Clean",15,0))))) | N12: =IF(C12="","",IF(NOT(OR(C12="Squat",C12="Bench Press",C12="Deadlift",C12="Overhead Press",C12="Power Clean",C12="Light Squat")),"—",IF(L12>=M12,"OK","STALL"))) | P12: =IF($C12="Squat",$F12,0) | Q12: =IF($C12="Bench Press",$F12,0) | R12: =IF($C12="Deadlift",$F12,0) | S12: =IF($C12="Overhead Press",$F12,0) | T12: =IF($C12="Power Clean",$F12,0)
D13: =IF(C13="","",IF(OR(C13="Squat",C13="Bench Press",C13="Overhead Press",C13="Light Squat"),"3x5",IF(C13="Deadlift","1x5",IF(C13="Power Clean","5x3","3x10")))) | E13: =IF(C13="","",IF(NOT(OR(C13="Squat",C13="Bench Press",C13="Deadlift",C13="Overhead Press",C13="Power Clean",C13="Light Squat")),"—",IF(C13="Light Squat",IF(COUNTIF(C$10:C12,"Light Squat")=0,ROUND(SUMPRODUCT(MAX((C$10:C12="Squat")*(N$10:N12="OK")*(F$10:F12)))*Settings!$B$37/100/5,0)*5,IF(SUMPRODUCT((C$10:C12="Light Squat")*(N$10:N12="OK")*1)=0,ROUND(SUMPRODUCT(MAX((C$10:C12="Squat")*(N$10:N12="OK")*(F$10:F12)))*Settings!$B$37/100/5,0)*5,SUMPRODUCT(MAX((C$10:C12="Light Squat")*(N$10:N12="OK")*(F$10:F12)))+Settings!$B$38)),IF(SUMPRODUCT((C$10:C12=C13)*(N$10:N12="OK")*1)=0,IF(C13="Squat",Settings!$B$5,IF(C13="Bench Press",Settings!$B$6,IF(C13="Deadlift",Settings!$B$7,IF(C13="Overhead Press",Settings!$B$8,IF(C13="Power Clean",Settings!$B$9,0))))),SUMPRODUCT(MAX((C$10:C12=C13)*(N$10:N12="OK")*(F$10:F12)))+IF(C13="Squat",Settings!$B$12,IF(C13="Bench Press",Settings!$B$13,IF(C13="Deadlift",Settings!$B$14,IF(C13="Overhead Press",Settings!$B$15,IF(C13="Power Clean",Settings!$B$16,0))))))))) | L13: =IF(C13="","",SUM(G13:K13)) | M13: =IF(C13="","",IF(NOT(OR(C13="Squat",C13="Bench Press",C13="Deadlift",C13="Overhead Press",C13="Power Clean",C13="Light Squat")),30,IF(OR(C13="Squat",C13="Bench Press",C13="Overhead Press",C13="Light Squat"),15,IF(C13="Deadlift",5,IF(C13="Power Clean",15,0))))) | N13: =IF(C13="","",IF(NOT(OR(C13="Squat",C13="Bench Press",C13="Deadlift",C13="Overhead Press",C13="Power Clean",C13="Light Squat")),"—",IF(L13>=M13,"OK","STALL"))) | P13: =IF($C13="Squat",$F13,0) | Q13: =IF($C13="Bench Press",$F13,0) | R13: =IF($C13="Deadlift",$F13,0) | S13: =IF($C13="Overhead Press",$F13,0) | T13: =IF($C13="Power Clean",$F13,0)
D14: =IF(C14="","",IF(OR(C14="Squat",C14="Bench Press",C14="Overhead Press",C14="Light Squat"),"3x5",IF(C14="Deadlift","1x5",IF(C14="Power Clean","5x3","3x10")))) | E14: =IF(C14="","",IF(NOT(OR(C14="Squat",C14="Bench Press",C14="Deadlift",C14="Overhead Press",C14="Power Clean",C14="Light Squat")),"—",IF(C14="Light Squat",IF(COUNTIF(C$10:C13,"Light Squat")=0,ROUND(SUMPRODUCT(MAX((C$10:C13="Squat")*(N$10:N13="OK")*(F$10:F13)))*Settings!$B$37/100/5,0)*5,IF(SUMPRODUCT((C$10:C13="Light Squat")*(N$10:N13="OK")*1)=0,ROUND(SUMPRODUCT(MAX((C$10:C13="Squat")*(N$10:N13="OK")*(F$10:F13)))*Settings!$B$37/100/5,0)*5,SUMPRODUCT(MAX((C$10:C13="Light Squat")*(N$10:N13="OK")*(F$10:F13)))+Settings!$B$38)),IF(SUMPRODUCT((C$10:C13=C14)*(N$10:N13="OK")*1)=0,IF(C14="Squat",Settings!$B$5,IF(C14="Bench Press",Settings!$B$6,IF(C14="Deadlift",Settings!$B$7,IF(C14="Overhead Press",Settings!$B$8,IF(C14="Power Clean",Settings!$B$9,0))))),SUMPRODUCT(MAX((C$10:C13=C14)*(N$10:N13="OK")*(F$10:F13)))+IF(C14="Squat",Settings!$B$12,IF(C14="Bench Press",Settings!$B$13,IF(C14="Deadlift",Settings!$B$14,IF(C14="Overhead Press",Settings!$B$15,IF(C14="Power Clean",Settings!$B$16,0))))))))) | L14: =IF(C14="","",SUM(G14:K14)) | M14: =IF(C14="","",IF(NOT(OR(C14="Squat",C14="Bench Press",C14="Deadlift",C14="Overhead Press",C14="Power Clean",C14="Light Squat")),30,IF(OR(C14="Squat",C14="Bench Press",C14="Overhead Press",C14="Light Squat"),15,IF(C14="Deadlift",5,IF(C14="Power Clean",15,0))))) | N14: =IF(C14="","",IF(NOT(OR(C14="Squat",C14="Bench Press",C14="Deadlift",C14="Overhead Press",C14="Power Clean",C14="Light Squat")),"—",IF(L14>=M14,"OK","STALL"))) | P14: =IF($C14="Squat",$F14,0) | Q14: =IF($C14="Bench Press",$F14,0) | R14: =IF($C14="Deadlift",$F14,0) | S14: =IF($C14="Overhead Press",$F14,0) | T14: =IF($C14="Power Clean",$F14,0)
D15: =IF(C15="","",IF(OR(C15="Squat",C15="Bench Press",C15="Overhead Press",C15="Light Squat"),"3x5",IF(C15="Deadlift","1x5",IF(C15="Power Clean","5x3","3x10")))) | E15: =IF(C15="","",IF(NOT(OR(C15="Squat",C15="Bench Press",C15="Deadlift",C15="Overhead Press",C15="Power Clean",C15="Light Squat")),"—",IF(C15="Light Squat",IF(COUNTIF(C$10:C14,"Light Squat")=0,ROUND(SUMPRODUCT(MAX((C$10:C14="Squat")*(N$10:N14="OK")*(F$10:F14)))*Settings!$B$37/100/5,0)*5,IF(SUMPRODUCT((C$10:C14="Light Squat")*(N$10:N14="OK")*1)=0,ROUND(SUMPRODUCT(MAX((C$10:C14="Squat")*(N$10:N14="OK")*(F$10:F14)))*Settings!$B$37/100/5,0)*5,SUMPRODUCT(MAX((C$10:C14="Light Squat")*(N$10:N14="OK")*(F$10:F14)))+Settings!$B$38)),IF(SUMPRODUCT((C$10:C14=C15)*(N$10:N14="OK")*1)=0,IF(C15="Squat",Settings!$B$5,IF(C15="Bench Press",Settings!$B$6,IF(C15="Deadlift",Settings!$B$7,IF(C15="Overhead Press",Settings!$B$8,IF(C15="Power Clean",Settings!$B$9,0))))),SUMPRODUCT(MAX((C$10:C14=C15)*(N$10:N14="OK")*(F$10:F14)))+IF(C15="Squat",Settings!$B$12,IF(C15="Bench Press",Settings!$B$13,IF(C15="Deadlift",Settings!$B$14,IF(C15="Overhead Press",Settings!$B$15,IF(C15="Power Clean",Settings!$B$16,0))))))))) | L15: =IF(C15="","",SUM(G15:K15)) | M15: =IF(C15="","",IF(NOT(OR(C15="Squat",C15="Bench Press",C15="Deadlift",C15="Overhead Press",C15="Power Clean",C15="Light Squat")),30,IF(OR(C15="Squat",C15="Bench Press",C15="Overhead Press",C15="Light Squat"),15,IF(C15="Deadlift",5,IF(C15="Power Clean",15,0))))) | N15: =IF(C15="","",IF(NOT(OR(C15="Squat",C15="Bench Press",C15="Deadlift",C15="Overhead Press",C15="Power Clean",C15="Light Squat")),"—",IF(L15>=M15,"OK","STALL"))) | P15: =IF($C15="Squat",$F15,0) | Q15: =IF($C15="Bench Press",$F15,0) | R15: =IF($C15="Deadlift",$F15,0) | S15: =IF($C15="Overhead Press",$F15,0) | T15: =IF($C15="Power Clean",$F15,0)
D16: =IF(C16="","",IF(OR(C16="Squat",C16="Bench Press",C16="Overhead Press",C16="Light Squat"),"3x5",IF(C16="Deadlift","1x5",IF(C16="Power Clean","5x3","3x10")))) | E16: =IF(C16="","",IF(NOT(OR(C16="Squat",C16="Bench Press",C16="Deadlift",C16="Overhead Press",C16="Power Clean",C16="Light Squat")),"—",IF(C16="Light Squat",IF(COUNTIF(C$10:C15,"Light Squat")=0,ROUND(SUMPRODUCT(MAX((C$10:C15="Squat")*(N$10:N15="OK")*(F$10:F15)))*Settings!$B$37/100/5,0)*5,IF(SUMPRODUCT((C$10:C15="Light Squat")*(N$10:N15="OK")*1)=0,ROUND(SUMPRODUCT(MAX((C$10:C15="Squat")*(N$10:N15="OK")*(F$10:F15)))*Settings!$B$37/100/5,0)*5,SUMPRODUCT(MAX((C$10:C15="Light Squat")*(N$10:N15="OK")*(F$10:F15)))+Settings!$B$38)),IF(SUMPRODUCT((C$10:C15=C16)*(N$10:N15="OK")*1)=0,IF(C16="Squat",Settings!$B$5,IF(C16="Bench Press",Settings!$B$6,IF(C16="Deadlift",Settings!$B$7,IF(C16="Overhead Press",Settings!$B$8,IF(C16="Power Clean",Settings!$B$9,0))))),SUMPRODUCT(MAX((C$10:C15=C16)*(N$10:N15="OK")*(F$10:F15)))+IF(C16="Squat",Settings!$B$12,IF(C16="Bench Press",Settings!$B$13,IF(C16="Deadlift",Settings!$B$14,IF(C16="Overhead Press",Settings!$B$15,IF(C16="Power Clean",Settings!$B$16,0))))))))) | L16: =IF(C16="","",SUM(G16:K16)) | M16: =IF(C16="","",IF(NOT(OR(C16="Squat",C16="Bench Press",C16="Deadlift",C16="Overhead Press",C16="Power Clean",C16="Light Squat")),30,IF(OR(C16="Squat",C16="Bench Press",C16="Overhead Press",C16="Light Squat"),15,IF(C16="Deadlift",5,IF(C16="Power Clean",15,0))))) | N16: =IF(C16="","",IF(NOT(OR(C16="Squat",C16="Bench Press",C16="Deadlift",C16="Overhead Press",C16="Power Clean",C16="Light Squat")),"—",IF(L16>=M16,"OK","STALL"))) | P16: =IF($C16="Squat",$F16,0) | Q16: =IF($C16="Bench Press",$F16,0) | R16: =IF($C16="Deadlift",$F16,0) | S16: =IF($C16="Overhead Press",$F16,0) | T16: =IF($C16="Power Clean",$F16,0)
D17: =IF(C17="","",IF(OR(C17="Squat",C17="Bench Press",C17="Overhead Press",C17="Light Squat"),"3x5",IF(C17="Deadlift","1x5",IF(C17="Power Clean","5x3","3x10")))) | E17: =IF(C17="","",IF(NOT(OR(C17="Squat",C17="Bench Press",C17="Deadlift",C17="Overhead Press",C17="Power Clean",C17="Light Squat")),"—",IF(C17="Light Squat",IF(COUNTIF(C$10:C16,"Light Squat")=0,ROUND(SUMPRODUCT(MAX((C$10:C16="Squat")*(N$10:N16="OK")*(F$10:F16)))*Settings!$B$37/100/5,0)*5,IF(SUMPRODUCT((C$10:C16="Light Squat")*(N$10:N16="OK")*1)=0,ROUND(SUMPRODUCT(MAX((C$10:C16="Squat")*(N$10:N16="OK")*(F$10:F16)))*Settings!$B$37/100/5,0)*5,SUMPRODUCT(MAX((C$10:C16="Light Squat")*(N$10:N16="OK")*(F$10:F16)))+Settings!$B$38)),IF(SUMPRODUCT((C$10:C16=C17)*(N$10:N16="OK")*1)=0,IF(C17="Squat",Settings!$B$5,IF(C17="Bench Press",Settings!$B$6,IF(C17="Deadlift",Settings!$B$7,IF(C17="Overhead Press",Settings!$B$8,IF(C17="Power Clean",Settings!$B$9,0))))),SUMPRODUCT(MAX((C$10:C16=C17)*(N$10:N16="OK")*(F$10:F16)))+IF(C17="Squat",Settings!$B$12,IF(C17="Bench Press",Settings!$B$13,IF(C17="Deadlift",Settings!$B$14,IF(C17="Overhead Press",Settings!$B$15,IF(C17="Power Clean",Settings!$B$16,0))))))))) | L17: =IF(C17="","",SUM(G17:K17)) | M17: =IF(C17="","",IF(NOT(OR(C17="Squat",C17="Bench Press",C17="Deadlift",C17="Overhead Press",C17="Power Clean",C17="Light Squat")),30,IF(OR(C17="Squat",C17="Bench Press",C17="Overhead Press",C17="Light Squat"),15,IF(C17="Deadlift",5,IF(C17="Power Clean",15,0))))) | N17: =IF(C17="","",IF(NOT(OR(C17="Squat",C17="Bench Press",C17="Deadlift",C17="Overhead Press",C17="Power Clean",C17="Light Squat")),"—",IF(L17>=M17,"OK","STALL"))) | P17: =IF($C17="Squat",$F17,0) | Q17: =IF($C17="Bench Press",$F17,0) | R17: =IF($C17="Deadlift",$F17,0) | S17: =IF($C17="Overhead Press",$F17,0) | T17: =IF($C17="Power Clean",$F17,0)
D18: =IF(C18="","",IF(OR(C18="Squat",C18="Bench Press",C18="Overhead Press",C18="Light Squat"),"3x5",IF(C18="Deadlift","1x5",IF(C18="Power Clean","5x3","3x10")))) | E18: =IF(C18="","",IF(NOT(OR(C18="Squat",C18="Bench Press",C18="Deadlift",C18="Overhead Press",C18="Power Clean",C18="Light Squat")),"—",IF(C18="Light Squat",IF(COUNTIF(C$10:C17,"Light Squat")=0,ROUND(SUMPRODUCT(MAX((C$10:C17="Squat")*(N$10:N17="OK")*(F$10:F17)))*Settings!$B$37/100/5,0)*5,IF(SUMPRODUCT((C$10:C17="Light Squat")*(N$10:N17="OK")*1)=0,ROUND(SUMPRODUCT(MAX((C$10:C17="Squat")*(N$10:N17="OK")*(F$10:F17)))*Settings!$B$37/100/5,0)*5,SUMPRODUCT(MAX((C$10:C17="Light Squat")*(N$10:N17="OK")*(F$10:F17)))+Settings!$B$38)),IF(SUMPRODUCT((C$10:C17=C18)*(N$10:N17="OK")*1)=0,IF(C18="Squat",Settings!$B$5,IF(C18="Bench Press",Settings!$B$6,IF(C18="Deadlift",Settings!$B$7,IF(C18="Overhead Press",Settings!$B$8,IF(C18="Power Clean",Settings!$B$9,0))))),SUMPRODUCT(MAX((C$10:C17=C18)*(N$10:N17="OK")*(F$10:F17)))+IF(C18="Squat",Settings!$B$12,IF(C18="Bench Press",Settings!$B$13,IF(C18="Deadlift",Settings!$B$14,IF(C18="Overhead Press",Settings!$B$15,IF(C18="Power Clean",Settings!$B$16,0))))))))) | L18: =IF(C18="","",SUM(G18:K18)) | M18: =IF(C18="","",IF(NOT(OR(C18="Squat",C18="Bench Press",C18="Deadlift",C18="Overhead Press",C18="Power Clean",C18="Light Squat")),30,IF(OR(C18="Squat",C18="Bench Press",C18="Overhead Press",C18="Light Squat"),15,IF(C18="Deadlift",5,IF(C18="Power Clean",15,0))))) | N18: =IF(C18="","",IF(NOT(OR(C18="Squat",C18="Bench Press",C18="Deadlift",C18="Overhead Press",C18="Power Clean",C18="Light Squat")),"—",IF(L18>=M18,"OK","STALL"))) | P18: =IF($C18="Squat",$F18,0) | Q18: =IF($C18="Bench Press",$F18,0) | R18: =IF($C18="Deadlift",$F18,0) | S18: =IF($C18="Overhead Press",$F18,0) | T18: =IF($C18="Power Clean",$F18,0)
D19: =IF(C19="","",IF(OR(C19="Squat",C19="Bench Press",C19="Overhead Press",C19="Light Squat"),"3x5",IF(C19="Deadlift","1x5",IF(C19="Power Clean","5x3","3x10")))) | E19: =IF(C19="","",IF(NOT(OR(C19="Squat",C19="Bench Press",C19="Deadlift",C19="Overhead Press",C19="Power Clean",C19="Light Squat")),"—",IF(C19="Light Squat",IF(COUNTIF(C$10:C18,"Light Squat")=0,ROUND(SUMPRODUCT(MAX((C$10:C18="Squat")*(N$10:N18="OK")*(F$10:F18)))*Settings!$B$37/100/5,0)*5,IF(SUMPRODUCT((C$10:C18="Light Squat")*(N$10:N18="OK")*1)=0,ROUND(SUMPRODUCT(MAX((C$10:C18="Squat")*(N$10:N18="OK")*(F$10:F18)))*Settings!$B$37/100/5,0)*5,SUMPRODUCT(MAX((C$10:C18="Light Squat")*(N$10:N18="OK")*(F$10:F18)))+Settings!$B$38)),IF(SUMPRODUCT((C$10:C18=C19)*(N$10:N18="OK")*1)=0,IF(C19="Squat",Settings!$B$5,IF(C19="Bench Press",Settings!$B$6,IF(C19="Deadlift",Settings!$B$7,IF(C19="Overhead Press",Settings!$B$8,IF(C19="Power Clean",Settings!$B$9,0))))),SUMPRODUCT(MAX((C$10:C18=C19)*(N$10:N18="OK")*(F$10:F18)))+IF(C19="Squat",Settings!$B$12,IF(C19="Bench Press",Settings!$B$13,IF(C19="Deadlift",Settings!$B$14,IF(C19="Overhead Press",Settings!$B$15,IF(C19="Power Clean",Settings!$B$16,0))))))))) | L19: =IF(C19="","",SUM(G19:K19)) | M19: =IF(C19="","",IF(NOT(OR(C19="Squat",C19="Bench Press",C19="Deadlift",C19="Overhead Press",C19="Power Clean",C19="Light Squat")),30,IF(OR(C19="Squat",C19="Bench Press",C19="Overhead Press",C19="Light Squat"),15,IF(C19="Deadlift",5,IF(C19="Power Clean",15,0))))) | N19: =IF(C19="","",IF(NOT(OR(C19="Squat",C19="Bench Press",C19="Deadlift",C19="Overhead Press",C19="Power Clean",C19="Light Squat")),"—",IF(L19>=M19,"OK","STALL"))) | P19: =IF($C19="Squat",$F19,0) | Q19: =IF($C19="Bench Press",$F19,0) | R19: =IF($C19="Deadlift",$F19,0) | S19: =IF($C19="Overhead Press",$F19,0) | T19: =IF($C19="Power Clean",$F19,0)
D20: =IF(C20="","",IF(OR(C20="Squat",C20="Bench Press",C20="Overhead Press",C20="Light Squat"),"3x5",IF(C20="Deadlift","1x5",IF(C20="Power Clean","5x3","3x10")))) | E20: =IF(C20="","",IF(NOT(OR(C20="Squat",C20="Bench Press",C20="Deadlift",C20="Overhead Press",C20="Power Clean",C20="Light Squat")),"—",IF(C20="Light Squat",IF(COUNTIF(C$10:C19,"Light Squat")=0,ROUND(SUMPRODUCT(MAX((C$10:C19="Squat")*(N$10:N19="OK")*(F$10:F19)))*Settings!$B$37/100/5,0)*5,IF(SUMPRODUCT((C$10:C19="Light Squat")*(N$10:N19="OK")*1)=0,ROUND(SUMPRODUCT(MAX((C$10:C19="Squat")*(N$10:N19="OK")*(F$10:F19)))*Settings!$B$37/100/5,0)*5,SUMPRODUCT(MAX((C$10:C19="Light Squat")*(N$10:N19="OK")*(F$10:F19)))+Settings!$B$38)),IF(SUMPRODUCT((C$10:C19=C20)*(N$10:N19="OK")*1)=0,IF(C20="Squat",Settings!$B$5,IF(C20="Bench Press",Settings!$B$6,IF(C20="Deadlift",Settings!$B$7,IF(C20="Overhead Press",Settings!$B$8,IF(C20="Power Clean",Settings!$B$9,0))))),SUMPRODUCT(MAX((C$10:C19=C20)*(N$10:N19="OK")*(F$10:F19)))+IF(C20="Squat",Settings!$B$12,IF(C20="Bench Press",Settings!$B$13,IF(C20="Deadlift",Settings!$B$14,IF(C20="Overhead Press",Settings!$B$15,IF(C20="Power Clean",Settings!$B$16,0))))))))) | L20: =IF(C20="","",SUM(G20:K20)) | M20: =IF(C20="","",IF(NOT(OR(C20="Squat",C20="Bench Press",C20="Deadlift",C20="Overhead Press",C20="Power Clean",C20="Light Squat")),30,IF(OR(C20="Squat",C20="Bench Press",C20="Overhead Press",C20="Light Squat"),15,IF(C20="Deadlift",5,IF(C20="Power Clean",15,0))))) | N20: =IF(C20="","",IF(NOT(OR(C20="Squat",C20="Bench Press",C20="Deadlift",C20="Overhead Press",C20="Power Clean",C20="Light Squat")),"—",IF(L20>=M20,"OK","STALL"))) | P20: =IF($C20="Squat",$F20,0) | Q20: =IF($C20="Bench Press",$F20,0) | R20: =IF($C20="Deadlift",$F20,0) | S20: =IF($C20="Overhead Press",$F20,0) | T20: =IF($C20="Power Clean",$F20,0)
D21: =IF(C21="","",IF(OR(C21="Squat",C21="Bench Press",C21="Overhead Press",C21="Light Squat"),"3x5",IF(C21="Deadlift","1x5",IF(C21="Power Clean","5x3","3x10")))) | E21: =IF(C21="","",IF(NOT(OR(C21="Squat",C21="Bench Press",C21="Deadlift",C21="Overhead Press",C21="Power Clean",C21="Light Squat")),"—",IF(C21="Light Squat",IF(COUNTIF(C$10:C20,"Light Squat")=0,ROUND(SUMPRODUCT(MAX((C$10:C20="Squat")*(N$10:N20="OK")*(F$10:F20)))*Settings!$B$37/100/5,0)*5,IF(SUMPRODUCT((C$10:C20="Light Squat")*(N$10:N20="OK")*1)=0,ROUND(SUMPRODUCT(MAX((C$10:C20="Squat")*(N$10:N20="OK")*(F$10:F20)))*Settings!$B$37/100/5,0)*5,SUMPRODUCT(MAX((C$10:C20="Light Squat")*(N$10:N20="OK")*(F$10:F20)))+Settings!$B$38)),IF(SUMPRODUCT((C$10:C20=C21)*(N$10:N20="OK")*1)=0,IF(C21="Squat",Settings!$B$5,IF(C21="Bench Press",Settings!$B$6,IF(C21="Deadlift",Settings!$B$7,IF(C21="Overhead Press",Settings!$B$8,IF(C21="Power Clean",Settings!$B$9,0))))),SUMPRODUCT(MAX((C$10:C20=C21)*(N$10:N20="OK")*(F$10:F20)))+IF(C21="Squat",Settings!$B$12,IF(C21="Bench Press",Settings!$B$13,IF(C21="Deadlift",Settings!$B$14,IF(C21="Overhead Press",Settings!$B$15,IF(C21="Power Clean",Settings!$B$16,0))))))))) | L21: =IF(C21="","",SUM(G21:K21)) | M21: =IF(C21="","",IF(NOT(OR(C21="Squat",C21="Bench Press",C21="Deadlift",C21="Overhead Press",C21="Power Clean",C21="Light Squat")),30,IF(OR(C21="Squat",C21="Bench Press",C21="Overhead Press",C21="Light Squat"),15,IF(C21="Deadlift",5,IF(C21="Power Clean",15,0))))) | N21: =IF(C21="","",IF(NOT(OR(C21="Squat",C21="Bench Press",C21="Deadlift",C21="Overhead Press",C21="Power Clean",C21="Light Squat")),"—",IF(L21>=M21,"OK","STALL"))) | P21: =IF($C21="Squat",$F21,0) | Q21: =IF($C21="Bench Press",$F21,0) | R21: =IF($C21="Deadlift",$F21,0) | S21: =IF($C21="Overhead Press",$F21,0) | T21: =IF($C21="Power Clean",$F21,0)
D22: =IF(C22="","",IF(OR(C22="Squat",C22="Bench Press",C22="Overhead Press",C22="Light Squat"),"3x5",IF(C22="Deadlift","1x5",IF(C22="Power Clean","5x3","3x10")))) | E22: =IF(C22="","",IF(NOT(OR(C22="Squat",C22="Bench Press",C22="Deadlift",C22="Overhead Press",C22="Power Clean",C22="Light Squat")),"—",IF(C22="Light Squat",IF(COUNTIF(C$10:C21,"Light Squat")=0,ROUND(SUMPRODUCT(MAX((C$10:C21="Squat")*(N$10:N21="OK")*(F$10:F21)))*Settings!$B$37/100/5,0)*5,IF(SUMPRODUCT((C$10:C21="Light Squat")*(N$10:N21="OK")*1)=0,ROUND(SUMPRODUCT(MAX((C$10:C21="Squat")*(N$10:N21="OK")*(F$10:F21)))*Settings!$B$37/100/5,0)*5,SUMPRODUCT(MAX((C$10:C21="Light Squat")*(N$10:N21="OK")*(F$10:F21)))+Settings!$B$38)),IF(SUMPRODUCT((C$10:C21=C22)*(N$10:N21="OK")*1)=0,IF(C22="Squat",Settings!$B$5,IF(C22="Bench Press",Settings!$B$6,IF(C22="Deadlift",Settings!$B$7,IF(C22="Overhead Press",Settings!$B$8,IF(C22="Power Clean",Settings!$B$9,0))))),SUMPRODUCT(MAX((C$10:C21=C22)*(N$10:N21="OK")*(F$10:F21)))+IF(C22="Squat",Settings!$B$12,IF(C22="Bench Press",Settings!$B$13,IF(C22="Deadlift",Settings!$B$14,IF(C22="Overhead Press",Settings!$B$15,IF(C22="Power Clean",Settings!$B$16,0))))))))) | L22: =IF(C22="","",SUM(G22:K22)) | M22: =IF(C22="","",IF(NOT(OR(C22="Squat",C22="Bench Press",C22="Deadlift",C22="Overhead Press",C22="Power Clean",C22="Light Squat")),30,IF(OR(C22="Squat",C22="Bench Press",C22="Overhead Press",C22="Light Squat"),15,IF(C22="Deadlift",5,IF(C22="Power Clean",15,0))))) | N22: =IF(C22="","",IF(NOT(OR(C22="Squat",C22="Bench Press",C22="Deadlift",C22="Overhead Press",C22="Power Clean",C22="Light Squat")),"—",IF(L22>=M22,"OK","STALL"))) | P22: =IF($C22="Squat",$F22,0) | Q22: =IF($C22="Bench Press",$F22,0) | R22: =IF($C22="Deadlift",$F22,0) | S22: =IF($C22="Overhead Press",$F22,0) | T22: =IF($C22="Power Clean",$F22,0)
... D209: =IF(C209="","",IF(OR(C209="Squat",C209="Bench Press",C209="Overhead Press",C209="Light Squat"),"3x5",IF(C209="Deadlift","1x5",IF(C209="Power Clean","5x3","3x10")))) | E209: =IF(C209="","",IF(NOT(OR(C209="Squat",C209="Bench Press",C209="Deadlift",C209="Overhead Press",C209="Power Clean",C209="Light Squat")),"—",IF(C209="Light Squat",IF(COUNTIF(C$10:C208,"Light Squat")=0,ROUND(SUMPRODUCT(MAX((C$10:C208="Squat")*(N$10:N208="OK")*(F$10:F208)))*Settings!$B$37/100/5,0)*5,IF(SUMPRODUCT((C$10:C208="Light Squat")*(N$10:N208="OK")*1)=0,ROUND(SUMPRODUCT(MAX((C$10:C208="Squat")*(N$10:N208="OK")*(F$10:F208)))*Settings!$B$37/100/5,0)*5,SUMPRODUCT(MAX((C$10:C208="Light Squat")*(N$10:N208="OK")*(F$10:F208)))+Settings!$B$38)),IF(SUMPRODUCT((C$10:C208=C209)*(N$10:N208="OK")*1)=0,IF(C209="Squat",Settings!$B$5,IF(C209="Bench Press",Settings!$B$6,IF(C209="Deadlift",Settings!$B$7,IF(C209="Overhead Press",Settings!$B$8,IF(C209="Power Clean",Settings!$B$9,0))))),SUMPRODUCT(MAX((C$10:C208=C209)*(N$10:N208="OK")*(F$10:F208)))+IF(C209="Squat",Settings!$B$12,IF(C209="Bench Press",Settings!$B$13,IF(C209="Deadlift",Settings!$B$14,IF(C209="Overhead Press",Settings!$B$15,IF(C209="Power Clean",Settings!$B$16,0))))))))) | L209: =IF(C209="","",SUM(G209:K209)) | M209: =IF(C209="","",IF(NOT(OR(C209="Squat",C209="Bench Press",C209="Deadlift",C209="Overhead Press",C209="Power Clean",C209="Light Squat")),30,IF(OR(C209="Squat",C209="Bench Press",C209="Overhead Press",C209="Light Squat"),15,IF(C209="Deadlift",5,IF(C209="Power Clean",15,0))))) | N209: =IF(C209="","",IF(NOT(OR(C209="Squat",C209="Bench Press",C209="Deadlift",C209="Overhead Press",C209="Power Clean",C209="Light Squat")),"—",IF(L209>=M209,"OK","STALL"))) | P209: =IF($C209="Squat",$F209,0) | Q209: =IF($C209="Bench Press",$F209,0) | R209: =IF($C209="Deadlift",$F209,0) | S209: =IF($C209="Overhead Press",$F209,0) | T209: =IF($C209="Power Clean",$F209,0)

Sheet Warm-Up Calculator
A1: WARM-UP CALCULATOR
A3: Enter Your Working Weight:
A4: Working Weight (lbs): | B4: 225
A5: Bar Weight (lbs): | B5: =Settings!B2
D7: Set | E7: Weight (lbs) | F7: Reps | G7: Rest
D8: 1 | E8: =Settings!B2 | F8: 5 | G8: None
D9: 2 | E9: =Settings!B2 | F9: 5 | G9: None
D10: 3 | E10: =ROUND(B4*0.4/5,0)*5 | F10: 5 | G10: 1 min
D11: 4 | E11: =ROUND(B4*0.6/5,0)*5 | F11: 3 | G11: 1 min
D12: 5 | E12: =ROUND(B4*0.8/5,0)*5 | F12: 2 | G12: 2 min
D13: WORK | E13: =B4 | F13: 3x5 or 1x5 | G13: 3-5 min
A16: WARM-UP GUIDELINES:
A17: - Empty bar sets: Focus on form and bar path
A18: - Increase speed slightly with each warm-up set
A19: - Do NOT fatigue yourself - warm-ups prepare, not tire
A20: - Rest just long enough to load the bar between warm-up sets
A21: - Take full rest (3-5 min) before work sets
A23: NOTE: Weights are automatically rounded to nearest 5 lbs

Sheet Body Weight Log
A1: Date | B1: Weight (lbs) | C1: Notes | E1: Statistics
E2: Starting Weight: | F2: =IF(COUNTA(B2:B200)>0,INDEX(B:B,MATCH(TRUE,B2:B200<>"",0)+1),"N/A")
E3: Current Weight: | F3: =IF(COUNTA(B2:B200)>0,LOOKUP(2,1/(B2:B200<>""),B2:B200),"N/A")
E4: Total Change: | F4: =IF(AND(F2<>"N/A",F3<>"N/A"),F3-F2,"N/A")
E5: Average Weight: | F5: =IF(COUNTA(B2:B200)>0,ROUND(AVERAGE(B2:B200),1),"N/A")
E6: Weigh-ins Count: | F6: =COUNTA(B2:B200)

Sheet Progress Summary
A1: PROGRESS SUMMARY - Auto-Updated from Workout Log
A3: Week | B3: End Date | C3: Squat | D3: Bench | E3: Deadlift | F3: OHP | G3: P.Clean | H3: Body Wt | I3: Date
A4: 1 | C4: =IF(B4="","",IFERROR(DMAX('Workout Log'!$A$8:$T$209,"SquatWt",$I$3:$I4),0)) | D4: =IF(B4="","",IFERROR(DMAX('Workout Log'!$A$8:$T$209,"BenchWt",$I$3:$I4),0)) | E4: =IF(B4="","",IFERROR(DMAX('Workout Log'!$A$8:$T$209,"DeadliftWt",$I$3:$I4),0)) | F4: =IF(B4="","",IFERROR(DMAX('Workout Log'!$A$8:$T$209,"OHPWt",$I$3:$I4),0)) | G4: =IF(B4="","",IFERROR(DMAX('Workout Log'!$A$8:$T$209,"CleanWt",$I$3:$I4),0)) | H4: =IF(B4="","",IFERROR(DMAX('Body Weight Log'!$A$1:$B$200,"Weight (lbs)",$I$3:$I4),0)) | I4: =IF(B4="","","<="&B4)
A5: 2 | C5: =IF(B5="","",IFERROR(DMAX('Workout Log'!$A$8:$T$209,"SquatWt",$I$3:$I5),0)) | D5: =IF(B5="","",IFERROR(DMAX('Workout Log'!$A$8:$T$209,"BenchWt",$I$3:$I5),0)) | E5: =IF(B5="","",IFERROR(DMAX('Workout Log'!$A$8:$T$209,"DeadliftWt",$I$3:$I5),0)) | F5: =IF(B5="","",IFERROR(DMAX('Workout Log'!$A$8:$T$209,"OHPWt",$I$3:$I5),0)) | G5: =IF(B5="","",IFERROR(DMAX('Workout Log'!$A$8:$T$209,"CleanWt",$I$3:$I5),0)) | H5: =IF(B5="","",IFERROR(DMAX('Body Weight Log'!$A$1:$B$200,"Weight (lbs)",$I$3:$I5),0)) | I5: =IF(B5="","","<="&B5)
A6: 3 | C6: =IF(B6="","",IFERROR(DMAX('Workout Log'!$A$8:$T$209,"SquatWt",$I$3:$I6),0)) | D6: =IF(B6="","",IFERROR(DMAX('Workout Log'!$A$8:$T$209,"BenchWt",$I$3:$I6),0)) | E6: =IF(B6="","",IFERROR(DMAX('Workout Log'!$A$8:$T$209,"DeadliftWt",$I$3:$I6),0)) | F6: =IF(B6="","",IFERROR(DMAX('Workout Log'!$A$8:$T$209,"OHPWt",$I$3:$I6),0)) | G6: =IF(B6="","",IFERROR(DMAX('Workout Log'!$A$8:$T$209,"CleanWt",$I$3:$I6),0)) | H6: =IF(B6="","",IFERROR(DMAX('Body Weight Log'!$A$1:$B$200,"Weight (lbs)",$I$3:$I6),0)) | I6: =IF(B6="","","<="&B6)
A7: 4 | C7: =IF(B7="","",IFERROR(DMAX('Workout Log'!$A$8:$T$209,"SquatWt",$I$3:$I7),0)) | D7: =IF(B7="","",IFERROR(DMAX('Workout Log'!$A$8:$T$209,"BenchWt",$I$3:$I7),0)) | E7: =IF(B7="","",IFERROR(DMAX('Workout Log'!$A$8:$T$209,"DeadliftWt",$I$3:$I7),0)) | F7: =IF(B7="","",IFERROR(DMAX('Workout Log'!$A$8:$T$209,"OHPWt",$I$3:$I7),0)) | G7: =IF(B7="","",IFERROR(DMAX('Workout Log'!$A$8:$T$209,"CleanWt",$I$3:$I7),0)) | H7: =IF(B7="","",IFERROR(DMAX('Body Weight Log'!$A$1:$B$200,"Weight (lbs)",$I$3:$I7),0)) | I7: =IF(B7="","","<="&B7)
A8: 5 | C8: =IF(B8="","",IFERROR(DMAX('Workout Log'!$A$8:$T$209,"SquatWt",$I$3:$I8),0)) | D8: =IF(B8="","",IFERROR(DMAX('Workout Log'!$A$8:$T$209,"BenchWt",$I$3:$I8),0)) | E8: =IF(B8="","",IFERROR(DMAX('Workout Log'!$A$8:$T$209,"DeadliftWt",$I$3:$I8),0)) | F8: =IF(B8="","",IFERROR(DMAX('Workout Log'!$A$8:$T$209,"OHPWt",$I$3:$I8),0)) | G8: =IF(B8="","",IFERROR(DMAX('Workout Log'!$A$8:$T$209,"CleanWt",$I$3:$I8),0)) | H8: =IF(B8="","",IFERROR(DMAX('Body Weight Log'!$A$1:$B$200,"Weight (lbs)",$I$3:$I8),0)) | I8: =IF(B8="","","<="&B8)
A9: 6 | C9: =IF(B9="","",IFERROR(DMAX('Workout Log'!$A$8:$T$209,"SquatWt",$I$3:$I9),0)) | D9: =IF(B9="","",IFERROR(DMAX('Workout Log'!$A$8:$T$209,"BenchWt",$I$3:$I9),0)) | E9: =IF(B9="","",IFERROR(DMAX('Workout Log'!$A$8:$T$209,"DeadliftWt",$I$3:$I9),0)) | F9: =IF(B9="","",IFERROR(DMAX('Workout Log'!$A$8:$T$209,"OHPWt",$I$3:$I9),0)) | G9: =IF(B9="","",IFERROR(DMAX('Workout Log'!$A$8:$T$209,"CleanWt",$I$3:$I9),0)) | H9: =IF(B9="","",IFERROR(DMAX('Body Weight Log'!$A$1:$B$200,"Weight (lbs)",$I$3:$I9),0)) | I9: =IF(B9="","","<="&B9)
A10: 7 | C10: =IF(B10="","",IFERROR(DMAX('Workout Log'!$A$8:$T$209,"SquatWt",$I$3:$I10),0)) | D10: =IF(B10="","",IFERROR(DMAX('Workout Log'!$A$8:$T$209,"BenchWt",$I$3:$I10),0)) | E10: =IF(B10="","",IFERROR(DMAX('Workout Log'!$A$8:$T$209,"DeadliftWt",$I$3:$I10),0)) | F10: =IF(B10="","",IFERROR(DMAX('Workout Log'!$A$8:$T$209,"OHPWt",$I$3:$I10),0)) | G10: =IF(B10="","",IFERROR(DMAX('Workout Log'!$A$8:$T$209,"CleanWt",$I$3:$I10),0)) | H10: =IF(B10="","",IFERROR(DMAX('Body Weight Log'!$A$1:$B$200,"Weight (lbs)",$I$3:$I10),0)) | I10: =IF(B10="","","<="&B10)
A11: 8 | C11: =IF(B11="","",IFERROR(DMAX('Workout Log'!$A$8:$T$209,"SquatWt",$I$3:$I11),0)) | D11: =IF(B11="","",IFERROR(DMAX('Workout Log'!$A$8:$T$209,"BenchWt",$I$3:$I11),0)) | E11: =IF(B11="","",IFERROR(DMAX('Workout Log'!$A$8:$T$209,"DeadliftWt",$I$3:$I11),0)) | F11: =IF(B11="","",IFERROR(DMAX('Workout Log'!$A$8:$T$209,"OHPWt",$I$3:$I11),0)) | G11: =IF(B11="","",IFERROR(DMAX('Workout Log'!$A$8:$T$209,"CleanWt",$I$3:$I11),0)) | H11: =IF(B11="","",IFERROR(DMAX('Body Weight Log'!$A$1:$B$200,"Weight (lbs)",$I$3:$I11),0)) | I11: =IF(B11="","","<="&B11)
A12: 9 | C12: =IF(B12="","",IFERROR(DMAX('Workout Log'!$A$8:$T$209,"SquatWt",$I$3:$I12),0)) | D12: =IF(B12="","",IFERROR(DMAX('Workout Log'!$A$8:$T$209,"BenchWt",$I$3:$I12),0)) | E12: =IF(B12="","",IFERROR(DMAX('Workout Log'!$A$8:$T$209,"DeadliftWt",$I$3:$I12),0)) | F12: =IF(B12="","",IFERROR(DMAX('Workout Log'!$A$8:$T$209,"OHPWt",$I$3:$I12),0)) | G12: =IF(B12="","",IFERROR(DMAX('Workout Log'!$A$8:$T$209,"CleanWt",$I$3:$I12),0)) | H12: =IF(B12="","",IFERROR(DMAX('Body Weight Log'!$A$1:$B$200,"Weight (lbs)",$I$3:$I12),0)) | I12: =IF(B12="","","<="&B12)
A13: 10 | C13: =IF(B13="","",IFERROR(DMAX('Workout Log'!$A$8:$T$209,"SquatWt",$I$3:$I13),0)) | D13: =IF(B13="","",IFERROR(DMAX('Workout Log'!$A$8:$T$209,"BenchWt",$I$3:$I13),0)) | E13: =IF(B13="","",IFERROR(DMAX('Workout Log'!$A$8:$T$209,"DeadliftWt",$I$3:$I13),0)) | F13: =IF(B13="","",IFERROR(DMAX('Workout Log'!$A$8:$T$209,"OHPWt",$I$3:$I13),0)) | G13: =IF(B13="","",IFERROR(DMAX('Workout Log'!$A$8:$T$209,"CleanWt",$I$3:$I13),0)) | H13: =IF(B13="","",IFERROR(DMAX('Body Weight Log'!$A$1:$B$200,"Weight (lbs)",$I$3:$I13),0)) | I13: =IF(B13="","","<="&B13)
A14: 11 | C14: =IF(B14="","",IFERROR(DMAX('Workout Log'!$A$8:$T$209,"SquatWt",$I$3:$I14),0)) | D14: =IF(B14="","",IFERROR(DMAX('Workout Log'!$A$8:$T$209,"BenchWt",$I$3:$I14),0)) | E14: =IF(B14="","",IFERROR(DMAX('Workout Log'!$A$8:$T$209,"DeadliftWt",$I$3:$I14),0)) | F14: =IF(B14="","",IFERROR(DMAX('Workout Log'!$A$8:$T$209,"OHPWt",$I$3:$I14),0)) | G14: =IF(B14="","",IFERROR(DMAX('Workout Log'!$A$8:$T$209,"CleanWt",$I$3:$I14),0)) | H14: =IF(B14="","",IFERROR(DMAX('Body Weight Log'!$A$1:$B$200,"Weight (lbs)",$I$3:$I14),0)) | I14: =IF(B14="","","<="&B14)
A15: 12 | C15: =IF(B15="","",IFERROR(DMAX('Workout Log'!$A$8:$T$209,"SquatWt",$I$3:$I15),0)) | D15: =IF(B15="","",IFERROR(DMAX('Workout Log'!$A$8:$T$209,"BenchWt",$I$3:$I15),0)) | E15: =IF(B15="","",IFERROR(DMAX('Workout Log'!$A$8:$T$209,"DeadliftWt",$I$3:$I15),0)) | F15: =IF(B15="","",IFERROR(DMAX('Workout Log'!$A$8:$T$209,"OHPWt",$I$3:$I15),0)) | G15: =IF(B15="","",IFERROR(DMAX('Workout Log'!$A$8:$T$209,"CleanWt",$I$3:$I15),0)) | H15: =IF(B15="","",IFERROR(DMAX('Body Weight Log'!$A$1:$B$200,"Weight (lbs)",$I$3:$I15),0)) | I15: =IF(B15="","","<="&B15)
... A55: 52 | C55: =IF(B55="","",IFERROR(DMAX('Workout Log'!$A$8:$T$209,"SquatWt",$I$3:$I55),0)) | D55: =IF(B55="","",IFERROR(DMAX('Workout Log'!$A$8:$T$209,"BenchWt",$I$3:$I55),0)) | E55: =IF(B55="","",IFERROR(DMAX('Workout Log'!$A$8:$T$209,"DeadliftWt",$I$3:$I55),0)) | F55: =IF(B55="","",IFERROR(DMAX('Workout Log'!$A$8:$T$209,"OHPWt",$I$3:$I55),0)) | G55: =IF(B55="","",IFERROR(DMAX('Workout Log'!$A$8:$T$209,"CleanWt",$I$3:$I55),0)) | H55: =IF(B55="","",IFERROR(DMAX('Body Weight Log'!$A$1:$B$200,"Weight (lbs)",$I$3:$I55),0)) | I55: =IF(B55="","","<="&B55)
A57: NOTE: Values show your BEST successful lift for each exercise. Updates automatically as you log workouts.

Sheet Progress Chart
A1: STRENGTH PROGRESSION CHART
A3: This chart updates automatically when you add workout data.
A4: To view the chart: Select data in Progress Summary (A3:H55) → Insert → Chart → Line Chart
A6: MANUAL CHART CREATION STEPS:
A7: 1. Go to Progress Summary sheet
A8: 2. Select cells A3 through H55 (headers + data)
A9: 3. Click Insert → Chart (or Insert → Recommended Charts)
A10: 4. Choose "Line with Markers"
A11: 5. The chart will auto-update as you add workout data
A13: CURRENT PR (Personal Records):
A14: Squat PR: | B14: =IF(MAX('Workout Log'!$P$10:$P$209)=0,"No data",MAX('Workout Log'!$P$10:$P$209)) | C14: lbs
A15: Bench PR: | B15: =IF(MAX('Workout Log'!$Q$10:$Q$209)=0,"No data",MAX('Workout Log'!$Q$10:$Q$209)) | C15: lbs
A16: Deadlift PR: | B16: =IF(MAX('Workout Log'!$R$10:$R$209)=0,"No data",MAX('Workout Log'!$R$10:$R$209)) | C16: lbs
A17: OHP PR: | B17: =IF(MAX('Workout Log'!$S$10:$S$209)=0,"No data",MAX('Workout Log'!$S$10:$S$209)) | C17: lbs
A18: Power Clean PR: | B18: =IF(MAX('Workout Log'!$T$10:$T$209)=0,"No data",MAX('Workout Log'!$T$10:$T$209)) | C18: lbs

Sheet Program Phase
A1: PROGRAM PHASE TRACKER - Auto-Detection
A3: Current Phase: | B3: =IF(MAX(B9:B13)>=Settings!$B$21,"INTERMEDIATE","NOVICE") | D3: =IF(B3="NOVICE","Linear progression - adding weight every session","Weekly progression - recovery takes longer")
A5: Overall Status: | B5: =IF(MAX(B9:B13)>=Settings!$B$21,"⚠️ TRANSITION NEEDED",IF(MAX(B9:B13)>=2,"⚡ WARNING","✓ ON TRACK"))
A7: STALL TRACKING (Auto-Calculated)
A8: Exercise | B8: Consecutive Stalls | D8: Status
A9: Squat | B9: =SUMPRODUCT(('Workout Log'!C$10:C$209="Squat")*('Workout Log'!N$10:N$209="STALL")*1) | D9: =IF(B9>=Settings!$B$21,"🔴 TRANSITION",IF(B9>=2,"🟡 WARNING",IF(B9>=1,"🟠 MONITOR","🟢 ON TRACK")))
A10: Bench Press | B10: =SUMPRODUCT(('Workout Log'!C$10:C$209="Bench Press")*('Workout Log'!N$10:N$209="STALL")*1) | D10: =IF(B10>=Settings!$B$21,"🔴 TRANSITION",IF(B10>=2,"🟡 WARNING",IF(B10>=1,"🟠 MONITOR","🟢 ON TRACK")))
A11: Deadlift | B11: =SUMPRODUCT(('Workout Log'!C$10:C$209="Deadlift")*('Workout Log'!N$10:N$209="STALL")*1) | D11: =IF(B11>=Settings!$B$21,"🔴 TRANSITION",IF(B11>=2,"🟡 WARNING",IF(B11>=1,"🟠 MONITOR","🟢 ON TRACK")))
A12: Overhead Press | B12: =SUMPRODUCT(('Workout Log'!C$10:C$209="Overhead Press")*('Workout Log'!N$10:N$209="STALL")*1) | D12: =IF(B12>=Settings!$B$21,"🔴 TRANSITION",IF(B12>=2,"🟡 WARNING",IF(B12>=1,"🟠 MONITOR","🟢 ON TRACK")))
A13: Power Clean | B13: =SUMPRODUCT(('Workout Log'!C$10:C$209="Power Clean")*('Workout Log'!N$10:N$209="STALL")*1) | D13: =IF(B13>=Settings!$B$21,"🔴 TRANSITION",IF(B13>=2,"🟡 WARNING",IF(B13>=1,"🟠 MONITOR","🟢 ON TRACK")))
A16: PHASE DEFINITIONS
A18: NOVICE | B18: Linear Progression | D18: Add weight every session. Recover between sessions (48-72 hrs).
D19: Duration: 3-9 months depending on age, diet, sleep.
A21: INTERMEDIATE | B21: Weekly Progression | D21: Add weight every week. Recovery takes longer than one session.
D22: Programs: Texas Method, HLM, or similar periodization.
A24: ADVANCED | B24: Monthly Progression | D24: Complex periodization. Most people never truly reach this.
A26: WHAT TO DO WHEN YOU STALL
A28: 1 Stall: | D28: Try again next session. Ensure sleep, food, and recovery are good.
A29: 2 Stalls: | D29: Deload 10% and work back up. Check form.
A30: 3+ Stalls: | D30: Time to consider Intermediate programming for this lift.
A32: IMPORTANT: | D32: Exhaust ALL novice gains first. Most people move too early.
